{
    "prires": [
        1.5971634576755307,
        0.8837038443843699,
        0.6506152282345529,
        0.5045633760037644,
        0.3982834619972638,
        0.3214287379449227,
        0.26635249571106856,
        0.22681456715278991,
        0.19779395304590586,
        0.1755255586313909,
        0.15787334859827573,
        0.14350171727149172,
        0.13082661951777882,
        0.12053951892112848,
        0.11152996991495545,
        0.10357649748530333,
        0.09647543424012535,
        0.0901063271393114,
        0.08435320440941986,
        0.07914497855753545,
        0.07441165973519669,
        0.06943379071854755,
        0.06456895571581149,
        0.06084124693843847,
        0.05749871599422569,
        0.054432635581602405,
        0.05160906034839284,
        0.04900034022959737,
        0.04658319269044958,
        0.044337680431667005,
        0.04224653542890747,
        0.04029468351943308,
        0.03846889339902447,
        0.0367575052763969,
        0.03515021459013681,
        0.03363789579692944,
        0.0322124419119132,
        0.030791399646348465,
        0.029490632439167563,
        0.02826456238060512,
        0.02710469265445359,
        0.026013435685548116,
        0.02498109233889053,
        0.024001190664547575,
        0.02306923086357138,
        0.022181533663042576,
        0.021334952859242695,
        0.02052673339817251,
        0.019754423177457767,
        0.019015805922498234,
        0.018308808627361867
    ],
    "final_objective": 2.2706161233819775,
    "random_predict": [
        -0.05917416679257137,
        2.055040448933447,
        1.2415802682499768,
        3.3468056987574224,
        3.7452863424780944,
        2.9825310840863386,
        2.6002131050830743,
        2.6290051681407505,
        1.6969253566865754,
        2.1568042305428023,
        0.8502180941395379,
        3.044966521098511,
        0.7228011642329608,
        0.8724349515445425,
        1.0036656554523153,
        0.48964092091529576,
        1.45367002366334,
        2.545988261662529,
        2.539463076375956,
        2.5366708514670364,
        2.338418719029574,
        2.6096612065790254,
        0.7131329068963875,
        2.735748924986834,
        2.2649539380279538,
        1.0866574325953982,
        2.445307266657163,
        2.0678073963293295,
        2.0578800647105915,
        1.8973321859039791,
        1.9081614785501282,
        0.9948361150588356,
        1.9427276772591737,
        0.6779981350501332,
        2.7194339231069398,
        1.8795111566804585,
        2.3643687185221216,
        1.5097648369693883,
        1.0839473597619866,
        1.521051672788702,
        3.540217468664322,
        2.5276737051477363,
        2.466067872064945,
        1.0125903913549266,
        2.3954573910986916,
        -0.578911020717437,
        1.2272700235486835,
        1.53482745151483,
        2.337261630191163,
        2.127515489214497
    ],
    "has_converged": true,
    "total_time": 0.035256972312927244,
    "dualres": [
        0.8612581708111013,
        0.7743683906525589,
        0.6179284646788168,
        0.4825848310697685,
        0.3806285052761013,
        0.3078739733952003,
        0.25662852823841237,
        0.22005462947497106,
        0.19290079870329363,
        0.17195130770514758,
        0.1552532427936542,
        0.14090158574220982,
        0.1292624847116641,
        0.11921767482614135,
        0.11039022753949909,
        0.1025769087718464,
        0.09559456127927093,
        0.08931962996184155,
        0.08364787533938463,
        0.07850943084524568,
        0.0731816495565724,
        0.06800036207975763,
        0.06400647787768093,
        0.06038360125771284,
        0.05708549971045252,
        0.05405512126751813,
        0.05126151956071026,
        0.04867850169518258,
        0.046283728462674915,
        0.04405790877801232,
        0.04198423839739737,
        0.040047992369657386,
        0.03823621366727702,
        0.03653746515451629,
        0.03494162952978941,
        0.03343974167024285,
        0.03196771264141094,
        0.030598474813456643,
        0.029310742587952476,
        0.028094771178622156,
        0.026946112304628664,
        0.025863990288394,
        0.02483870182387392,
        0.02386484745285729,
        0.022938294288746882,
        0.022055554650859517,
        0.021213592845472366,
        0.020409720811118602,
        0.019641528436286065,
        0.018906825723913622,
        0.018203555494653512
    ],
    "z": [
        0.32529785299570874,
        0.17441791518161717,
        0.3199814620247099,
        0.30397368037420613,
        -0.14479439931087257,
        0.7325883339641058,
        0.40369866703956764,
        0.057127689391953146,
        0.4036813084863366,
        -0.14496339701101277,
        0.09831218494939271,
        0.53495539600998,
        -0.08632435056504259,
        0.21787414498946855,
        0.0873960867835778,
        -0.1850397808753236,
        0.11738635797366036,
        0.46527559104926525,
        -0.03807156633005812,
        0.7167252875603626,
        -0.9566353792727249,
        0.004827618543837334,
        0.609975337195944,
        -0.1861380455164734,
        0.31352748792961704,
        -0.297239150482221,
        0.3594067818292761,
        0.2905919691647655,
        -0.11679615531067629,
        -0.7775133741063963,
        0.31240975421185574,
        0.5654314162509351,
        0.3319646057433401,
        -1.1368094450437167,
        0.07993291675778193,
        -0.23170105888584705,
        0.499652965251445,
        0.2800575465570421,
        0.3452326898122216,
        -1.0155179274211326,
        -0.34824893811941765,
        -0.4092253186773494,
        0.11878903700100812,
        0.3229467467883172,
        0.6140313012947224,
        -0.10866084762234324,
        0.5970955733200896,
        -0.8099711553714303,
        -0.3816058897299266,
        0.5336623817818537
    ],
    "args": {
        "reltol": 0.01,
        "rho": 1,
        "abstol": 0.0001,
        "n": 3,
        "outpath": "out.json",
        "max_iter": 500,
        "lmbd": 0.001
    }
}
